amazon.eth,1
wallet.eth,2
google.eth,3
apple.eth,4
sex.eth,5
porn.eth,6
com.eth,7
dapp.eth,8
loan.eth,9
jobs.eth,10
defi.eth,11
games.eth,12
gold.eth,13
poker.eth,14
888.eth,15
market.eth,16
asset.eth,17
funds.eth,18
crypto.eth,19
disney.eth,20
coffee.eth,21
dao.eth,22
bank.eth,23
fund.eth,24
madrid.eth,25
rent.eth,26
nfl.eth,27
usa.eth,28
music.eth,29
hotel.eth,30
cold.eth,31
play.eth,32
weed.eth,33
123.eth,34
game.eth,35
pixar.eth,36
hotels.eth,37
cars.eth,38
trade.eth,39
legal.eth,40
shop.eth,41
dex.eth,42
square.eth,43
swap.eth,44
kakao.eth,45
alex.eth,46
cash.eth,47
hodl.eth,48
domain.eth,49
free.eth,50
love.eth,51
safe.eth,52
casino.eth,53
ticket.eth,54
david.eth,55
news.eth,56
equity.eth,57
999.eth,58
euro.eth,59
offer.eth,60
azure.eth,61
invest.eth,62
porno.eth,63
golf.eth,64
alipay.eth,65
bingo.eth,66
people.eth,67
japan.eth,68
stake.eth,69
find.eth,70
debt.eth,71
credit.eth,72
net.eth,73
soccer.eth,74
huobi.eth,75
data.eth,76
card.eth,77
dave.eth,78
donate.eth,79
houses.eth,80
banker.eth,81
tesla.eth,82
lotto.eth,83
bond.eth,84
energy.eth,85
leo.eth,86
mark.eth,87
whale.eth,88
coin.eth,89
moon.eth,90
file.eth,91
tokens.eth,92
email.eth,93
whisky.eth,94
dior.eth,95
ryan.eth,96
uber.eth,97
trump.eth,98
visa.eth,99
money.eth,100
nike.eth,101
one.eth,102
lotto.eth,103
movie.eth,104
food.eth,105
ripple.eth,106
plasma.eth,107
pay.eth,108
travel.eth,109
loans.eth,110
vegas.eth,111
bets.eth,112
liu.eth,113
bitmex.eth,114
onion.eth,115
iphone.eth,116
lee.eth,117
wechat.eth,118
oracle.eth,119
log.eth,120
pussy.eth,121
india.eth,122
pharma.eth,123
assets.eth,124
cisco.eth,125
ikea.eth,126
china.eth,127
lend.eth,128
cafe.eth,129
bbva.eth,130
life.eth,131
maps.eth,132
ibm.eth,133
12345.eth,134
bmw.eth,135
erotic.eth,136
random.eth,137
lawyer.eth,138
nasa.eth,139
real.eth,140
rich.eth,141
send.eth,142
fees.eth,143
escrow.eth,144
blog.eth,145
aramco.eth,146
france.eth,147
pro.eth,148
bonds.eth,149
italy.eth,150
comic.eth,151
taxes.eth,152
gop.eth,153
voice.eth,154
lvmh.eth,155
wang.eth,156
login.eth,157
light.eth,158
slots.eth,159
steam.eth,160
iamo.eth,161
dollar.eth,162
kraken.eth,163
canada.eth,164
tips.eth,165
books.eth,166
chain.eth,167
call.eth,168
nexo.eth,169
live.eth,170
phone.eth,171
smith.eth,172
ford.eth,173
insure.eth,174
dental.eth,175
xiaomi.eth,176
james.eth,177
income.eth,178
bibigo.eth,179
realty.eth,180
order.eth,181
cloud.eth,182
buidl.eth,183
beer.eth,184
88888.eth,185
london.eth,186
brazil.eth,187
face.eth,188
huawei.eth,189
wine.eth,190
art.eth,191
123456.eth,192
video.eth,193
cyprus.eth,194
green.eth,195
notary.eth,196
chat.eth,197
chase.eth,198
luck.eth,199
dubai.eth,200
movies.eth,201
bobby.eth,202
oasis.eth,203
viacom.eth,204
wtf.eth,205
paid.eth,206
vision.eth,207
reddit.eth,208
drugs.eth,209
fcoin.eth,210
1024.eth,211
tim.eth,212
buy.eth,213
dan.eth,214
girls.eth,215
baidu.eth,216
adam.eth,217
mask.eth,218
libra.eth,219
cognac.eth,220
host.eth,221
cat.eth,222
name.eth,223
espn.eth,224
vodka.eth,225
andrew.eth,226
tax.eth,227
coach.eth,228
yelp.eth,229
toyota.eth,230
social.eth,231
sales.eth,232
usdt.eth,233
jason.eth,234
stocks.eth,235
pfizer.eth,236
ideal.eth,237
mail.eth,238
mars.eth,239
pool.eth,240
book.eth,241
chanel.eth,242
resort.eth,243
nora.eth,244
icloud.eth,245
guns.eth,246
bet.eth,247
cool.eth,248
coke.eth,249
land.eth,250
avatar.eth,251
silver.eth,252
peru.eth,253
twitch.eth,254
odds.eth,255
jon.eth,256
dating.eth,257
usdc.eth,258
list.eth,259
btc.eth,260
matrix.eth,261
abc.eth,262
taiwan.eth,263
kev.eth,264
russia.eth,265
john.eth,266
heaven.eth,267
webcam.eth,268
test.eth,269
songs.eth,270
hsbc.eth,271
doctor.eth,272
trader.eth,273
btv.eth,274
town.eth,275
vip.eth,276
spacex.eth,277
image.eth,278
photo.eth,279
daniel.eth,280
outlet.eth,281
mega.eth,282
escort.eth,283
dragon.eth,284
kids.eth,285
monero.eth,286
adult.eth,287
city.eth,288
korea.eth,289
king.eth,290
open.eth,291
yahoo.eth,292
chris.eth,293
joe.eth,294
sam.eth,295
usd.eth,296
taobao.eth,297
omega.eth,298
enel.eth,299
ceo.eth,300
docs.eth,301
you.eth,302
skrill.eth,303
sys.eth,304
payme.eth,305
tennis.eth,306
delta.eth,307
shoes.eth,308
lisa.eth,309
title.eth,310
nft.eth,311
tata.eth,312
leader.eth,313
polka.eth,314
8888.eth,315
coinex.eth,316
honda.eth,317
rolex.eth,318
ledger.eth,319
win.eth,320
burger.eth,321
study.eth,322
comics.eth,323
change.eth,324
stock.eth,325
debit.eth,326
empire.eth,327
ben.eth,328
sap.eth,329
cards.eth,330
candy.eth,331
god.eth,332
ico.eth,333
666.eth,334
bob.eth,335
eur.eth,336
lim.eth,337
jmp.eth,338
talk.eth,339
chen.eth,340
uni.eth,341
luv.eth,342
oro.eth,343
car.eth,344
rsa.eth,345
search.eth,346
has.eth,347
vault.eth,348
cox.eth,349
360.eth,350
sec.eth,351
sun.eth,352
wss.eth,353
cny.eth,354
box.eth,355
eos.eth,356
wpp.eth,357
pat.eth,358
etc.eth,359
ara.eth,360
321.eth,361
access.eth,362
max.eth,363
neo.eth,364
kim.eth,365
hoo.eth,366
xxx.eth,367
vfc.eth,368
tbs.eth,369
in8.eth,370
spv.eth,371
mlb.eth,372
nbc.eth,373
456.eth,374
byu.eth,375
lin.eth,376
xrp.eth,377
ivf.eth,378
co2.eth,379
snx.eth,380
mmm.eth,381
sto.eth,382
ann.eth,383
edu.eth,384
chu.eth,385
fun.eth,386
liz.eth,387
ysl.eth,388
gas.eth,389
org.eth,390
aaa.eth,391
afr.eth,392
fox.eth,393
3id.eth,394
wow.eth,395
mxc.eth,396
nhl.eth,397
ggc.eth,398
cbd.eth,399
ray.eth,400
jay.eth,401
eqt.eth,402
zug.eth,403
gay.eth,404
aws.eth,405
mjh.eth,406
kfc.eth,407
cvs.eth,408
fml.eth,409
ubs.eth,410
iot.eth,411
jfk.eth,412
doc.eth,413
ant.eth,414
bnb.eth,415
amy.eth,416
red.eth,417
tan.eth,418
oil.eth,419
imy.eth,420
777.eth,421
app.eth,422
kyc.eth,423
power.eth,424
hot.eth,425
rob.eth,426
bbc.eth,427
a3m.eth,428
区块链.eth,429
333.eth,430
wiz.eth,431
lgt.eth,432
bid.eth,433
nasdaq.eth,434
don.eth,435
efe.eth,436
789.eth,437
bam.eth,438
utc.eth,439
paris.eth,440
black.eth,441
kai.eth,442
her.eth,443
nyt.eth,444
trust.eth,445
stp.eth,446
dkp.eth,447
nyc.eth,448
jet.eth,449
thc.eth,450
dhl.eth,451
ale.eth,452
nyu.eth,453
oca.eth,454
van.eth,455
set.eth,456
store.eth,457
prc.eth,458
ted.eth,459
coupon.eth,460
meg.eth,461
ark.eth,462
med.eth,463
ufc.eth,464
www.eth,465
hkg.eth,466
two.eth,467
btw.eth,468
age.eth,469
rep.eth,470
msn.eth,471
laws.eth,472
ecash.eth,473
wale.eth,474
long.eth,475
bitz.eth,476
health.eth,477
sushi.eth,478
design.eth,479
anime.eth,480
sports.eth,481
cupid.eth,482
nice.eth,483
files.eth,484
space.eth,485
ohio.eth,486
staker.eth,487
tokyo.eth,488
auth.eth,489
erc20.eth,490
haha.eth,491
points.eth,492
forbes.eth,493
parody.eth,494
agency.eth,495
claims.eth,496
hyatt.eth,497
purple.eth,498
patent.eth,499
condo.eth,500
cola.eth,501
null.eth,502
allah.eth,503
banana.eth,504
77777.eth,505
vape.eth,506
shell.eth,507
bell.eth,508
java.eth,509
marvel.eth,510
hello.eth,511
zara.eth,512
yaya.eth,513
bids.eth,514
gene.eth,515
clear.eth,516
fedex.eth,517
cheung.eth,518
mining.eth,519
subway.eth,520
gate.eth,521
audi.eth,522
league.eth,523
sunday.eth,524
spirit.eth,525
gamer.eth,526
family.eth,527
khan.eth,528
verify.eth,529
alter.eth,530
index.eth,531
dupont.eth,532
model.eth,533
sale.eth,534
beyond.eth,535
bibox.eth,536
adidas.eth,537
reward.eth,538
tony.eth,539
gucci.eth,540
baby.eth,541
nico.eth,542
reebok.eth,543
gaming.eth,544
faith.eth,545
shares.eth,546
kitty.eth,547
piano.eth,548
videos.eth,549
camera.eth,550
liquid.eth,551
spain.eth,552
borrow.eth,553
bazaar.eth,554
ebet.eth,555
bren.eth,556
images.eth,557
future.eth,558
shops.eth,559
schwab.eth,560
media.eth,561
dean.eth,562
nano.eth,563
nguyen.eth,564
mobile.eth,565
jeff.eth,566
player.eth,567
burn.eth,568
cheap.eth,569
coins.eth,570
stripe.eth,571
dell.eth,572
link.eth,573
proof.eth,574
smart.eth,575
airbnb.eth,576
youxi.eth,577
jordan.eth,578
wish.eth,579
cost.eth,580
hermes.eth,581
time.eth,582
auto.eth,583
simon.eth,584
dapps.eth,585
sell.eth,586
arcade.eth,587
egypt.eth,588
luxury.eth,589
wrap.eth,590
props.eth,591
armani.eth,592
jeep.eth,593
chess.eth,594
code.eth,595
bakery.eth,596
yuan.eth,597
bosch.eth,598
roma.eth,599
unicef.eth,600
hawaii.eth,601
fiat.eth,602
summer.eth,603
nash.eth,604
alpha.eth,605
sport.eth,606
smile.eth,607
toys.eth,608
nick.eth,609
build.eth,610
xxxx.eth,611
vote.eth,612
pepsi.eth,613
virgin.eth,614
dice.eth,615
forex.eth,616
andy.eth,617
hockey.eth,618
audio.eth,619
unibet.eth,620
bonus.eth,621
group.eth,622
volvo.eth,623
radio.eth,624
street.eth,625
event.eth,626
web3.eth,627
sugar.eth,628
mexico.eth,629
marcus.eth,630
justin.eth,631
bruins.eth,632
upload.eth,633
memes.eth,634
seven.eth,635
medium.eth,636
norway.eth,637
dealer.eth,638
robot.eth,639
gamble.eth,640
monaco.eth,641
bacon.eth,642
poste.eth,643
888888.eth,644
asset.eth,645
prime.eth,646
earn.eth,647
swaps.eth,648
codes.eth,649
keys.eth,650
mike.eth,651
ethan.eth,652
union.eth,653
asia.eth,654
offers.eth,655
risk.eth,656
layer2.eth,657
kiev.eth,658
sprint.eth,659
lori.eth,660
yellow.eth,661
cable.eth,662
mini.eth,663
citi.eth,664
puzzle.eth,665
hitbtc.eth,666
click.eth,667
artist.eth,668
visit.eth,669
munich.eth,670
lemon.eth,671
sydney.eth,672
hazel.eth,673
joseph.eth,674
home.eth,675
world.eth,676
care.eth,677
farms.eth,678
greece.eth,679
zheng.eth,680
decred.eth,681
brian.eth,682
homes.eth,683
bitmax.eth,684
snacks.eth,685
stan.eth,686
bauer.eth,687
museum.eth,688
metal.eth,689
queen.eth,690
best.eth,691
stable.eth,692
price.eth,693
pingan.eth,694
rugby.eth,695
locked.eth,696
nvidia.eth,697
zhang.eth,698
server.eth,699
enter.eth,700
mint.eth,701
lose.eth,702
lukoil.eth,703
boys.eth,704
tiger.eth,705
view.eth,706
rebate.eth,707
high.eth,708
date.eth,709
purse.eth,710
club.eth,711
seoul.eth,712
owen.eth,713
wiki.eth,714
00000.eth,715
prada.eth,716
house.eth,717
中国工商银行.eth,718
rooms.eth,719
lounge.eth,720
feng.eth,721
school.eth,722
nissan.eth,723
dream.eth,724
pocket.eth,725
porns.eth,726
byte.eth,727
locker.eth,728
osaka.eth,729
denver.eth,730
bounty.eth,731
crown.eth,732
alan.eth,733
babe.eth,734
lucky.eth,735
graph.eth,736
gmail.eth,737
banks.eth,738
origin.eth,739
tech.eth,740
qantas.eth,741
voter.eth,742
okex.eth,743
boston.eth,744
rome.eth,745
hilton.eth,746
sean.eth,747
bilaxy.eth,748
refund.eth,749
park.eth,750
bitpay.eth,751
11111.eth,752
nebula.eth,753
study.eth,754
ether.eth,755
women.eth,756
share.eth,757
indian.eth,758
spend.eth,759
guide.eth,760
neon.eth,761
give.eth,762
heart.eth,763
root.eth,764
valley.eth,765
redsox.eth,766
bookie.eth,767
save.eth,768
fifa.eth,769
bronze.eth,770
stream.eth,771
lease.eth,772
yield.eth,773
gifts.eth,774
garage.eth,775
moutai.eth,776
water.eth,777
nelson.eth,778
island.eth,779
robert.eth,780
happy.eth,781
wealth.eth,782
turn.eth,783
mellon.eth,784
honey.eth,785
nathan.eth,786
kyoto.eth,787
korean.eth,788
claim.eth,789
scam.eth,790
ruth.eth,791
tinder.eth,792
white.eth,793
check.eth,794
venus.eth,795
chrome.eth,796
target.eth,797
vlog.eth,798
sphere.eth,799
bakkt.eth,800
israel.eth,801
room.eth,802
pemex.eth,803
josh.eth,804
6666.eth,805
etrade.eth,806
dima.eth,807
stamp.eth,808
galaxy.eth,809
zone.eth,810
stars.eth,811
33333.eth,812
zhao.eth,813
cruise.eth,814
saturn.eth,815
kering.eth,816
jesus.eth,817
lender.eth,818
europe.eth,819
posvar.eth,820
broker.eth,821
earth.eth,822
wyre.eth,823
master.eth,824
durex.eth,825
sophia.eth,826
footy.eth,827
number.eth,828
intel.eth,829
sign.eth,830
moving.eth,831
orders.eth,832
dydx.eth,833
kucoin.eth,834
latte.eth,835
peace.eth,836
alexa.eth,837
orange.eth,838
option.eth,839
party.eth,840
invite.eth,841
swift.eth,842
italia.eth,843
batman.eth,844
berlin.eth,845
steve.eth,846
vista.eth,847
knicks.eth,848
zach.eth,849
hell.eth,850
draft.eth,851
peter.eth,852
harbor.eth,853
bet365.eth,854
profit.eth,855
giants.eth,856
betway.eth,857
muslim.eth,858
online.eth,859
repair.eth,860
move.eth,861
yang.eth,862
grant.eth,863
milano.eth,864
royal.eth,865
noah.eth,866
work.eth,867
amber.eth,868
paul.eth,869
angel.eth,870
milf.eth,871
will.eth,872
citrus.eth,873
turkey.eth,874
travis.eth,875
charge.eth,876
cover.eth,877
rakesh.eth,878
flight.eth,879
spring.eth,880
united.eth,881
megan.eth,882
atom.eth,883
potion.eth,884
blocks.eth,885
faucet.eth,886
award.eth,887
matt.eth,888
seth.eth,889
drone.eth,890
lotte.eth,891
walt.eth,892
lego.eth,893
truck.eth,894
avsa.eth,895
julia.eth,896
pets.eth,897
good.eth,898
oregon.eth,899
blue.eth,900
lexus.eth,901
karl.eth,902
mine.eth,903
info.eth,904
ideas.eth,905
iran.eth,906
retire.eth,907
sleep.eth,908
yoga.eth,909
alice.eth,910
hedge.eth,911
loom.eth,912
pingan.eth,913
africa.eth,914
bread.eth,915
votes.eth,916
xiaomi.eth,917
riyadh.eth,918
shard.eth,919
core.eth,920
alaska.eth,921
scan.eth,922
karma.eth,923
bundle.eth,924
hunter.eth,925
nikon.eth,926
super.eth,927
daily.eth,928
cosmos.eth,929
circle.eth,930
meitu.eth,931
maria.eth,932
star.eth,933
qian.eth,934
tumblr.eth,935
ncsoft.eth,936
uport.eth,937
vienna.eth,938
loop.eth,939
kevin.eth,940
etoro.eth,941
nfts.eth,942
notice.eth,943
point.eth,944
sexy.eth,945
miami.eth,946
ghost.eth,947
gods.eth,948
type.eth,949
fair.eth,950
nerd.eth,951
sarah.eth,952
george.eth,953
nate.eth,954
dapper.eth,955
forum.eth,956
monkey.eth,957
parity.eth,958
vendor.eth,959
storm.eth,960
naked.eth,961
disco.eth,962
maersk.eth,963
sophie.eth,964
slack.eth,965
sony.eth,966
foster.eth,967
solar.eth,968
texas.eth,969
secure.eth,970
deeds.eth,971
ocean.eth,972
flower.eth,973
color.eth,974
style.eth,975
leaf.eth,976
sergey.eth,977
legend.eth,978
nyse.eth,979
tmall.eth,980
tango.eth,981
meme.eth,982
maersk.eth,983
iota.eth,984
true.eth,985
emily.eth,986
guess.eth,987
nestle.eth,988
magic.eth,989
tower.eth,990
beacon.eth,991
events.eth,992
system.eth,993
setup.eth,994
geneva.eth,995
almond.eth,996
tron.eth,997
xapo.eth,998
police.eth,999
quant.eth,1000